<?xml version="1.0" encoding="UTF-8"?>
<project-private xmlns="http://www.netbeans.org/ns/project-private/1">
    <editor-bookmarks xmlns="http://www.netbeans.org/ns/editor-bookmarks/2" lastBookmarkId="0"/>
    <open-files xmlns="http://www.netbeans.org/ns/projectui-open-files/2">
        <group>
            <file>file:/C:/Users/bse173029/Documents/NetBeansProjects/JDBC/src/jdbc/Product.java</file>
            <file>file:/C:/Users/bse173029/Documents/NetBeansProjects/JDBC/src/jdbc/Controller.java</file>
            <file>file:/C:/Users/bse173029/Documents/NetBeansProjects/JDBC/src/jdbc/update.java</file>
            <file>file:/C:/Users/bse173029/Documents/NetBeansProjects/JDBC/src/jdbc/Insert.java</file>
            <file>file:/C:/Users/bse173029/Documents/NetBeansProjects/JDBC/src/jdbc/DbConnection.java</file>
        </group>
    </open-files>
</project-private>
